estudiante,promedio_estudiante,total_materias,total_reprobadas,materias_repetidas,asistencia_promedio,promedio_norm,reprobadas_norm,asistencia_norm,riesgo_academico,desercion
Estudiante 1,0.0,7,7,0.0,0.0,1.0,1.0,1.0,1.0,1
Estudiante 10,9.17625,16,0,0.0,86.5625,0.08237500000000009,0.0,0.13437500000000002,0.06806250000000005,0
Estudiante 100,8.154347826086957,23,1,1.0,80.52173913043478,0.18456521739130438,0.043478260869565216,0.19478260869565223,0.14428260869565218,1
Estudiante 101,0.0,1,1,0.0,0.0,1.0,1.0,1.0,1.0,1
Estudiante 102,7.43,1,0,0.0,90.0,0.257,0.0,0.09999999999999998,0.1485,1
Estudiante 103,9.0,1,0,0.0,97.0,0.09999999999999998,0.0,0.030000000000000027,0.055999999999999994,1
Estudiante 104,0.0,1,1,0.0,0.0,1.0,1.0,1.0,1.0,1
Estudiante 105,0.0,1,1,0.0,0.0,1.0,1.0,1.0,1.0,1
Estudiante 106,8.13,7,1,0.0,96.0,0.18699999999999994,0.14285714285714285,0.040000000000000036,0.14435714285714282,1
Estudiante 107,8.953181818181818,22,0,0.0,88.81818181818181,0.10468181818181821,0.0,0.11181818181818182,0.07470454545454547,1
Estudiante 108,9.183181818181819,22,0,0.0,89.36363636363636,0.08168181818181819,0.0,0.10636363636363644,0.062113636363636385,1
Estudiante 109,7.940476190476191,21,1,0.0,91.42857142857143,0.2059523809523809,0.047619047619047616,0.08571428571428574,0.1344047619047619,1
Estudiante 11,8.749333333333334,15,0,0.0,92.53333333333333,0.12506666666666655,0.0,0.07466666666666666,0.0774666666666666,1
Estudiante 110,9.0215,20,0,0.0,97.35,0.09784999999999999,0.0,0.02650000000000008,0.05422500000000001,1
Estudiante 111,8.016190476190477,21,0,0.0,93.9047619047619,0.19838095238095232,0.0,0.06095238095238098,0.11138095238095236,1
Estudiante 112,9.394545454545455,22,0,0.0,88.72727272727273,0.06054545454545457,0.0,0.11272727272727268,0.05281818181818182,1
Estudiante 113,7.2368421052631575,19,5,2.0,87.89473684210526,0.2763157894736843,0.2631578947368421,0.12105263157894741,0.24131578947368426,1
Estudiante 114,4.617142857142857,14,7,0.0,52.857142857142854,0.5382857142857143,0.5,0.4714285714285714,0.5134285714285715,1
Estudiante 115,8.005263157894737,19,3,2.0,86.94736842105263,0.19947368421052636,0.15789473684210525,0.1305263157894737,0.17321052631578948,0
Estudiante 116,7.6625000000000005,28,4,2.0,82.85714285714286,0.2337499999999999,0.14285714285714285,0.17142857142857137,0.19401785714285708,0
Estudiante 117,9.006363636363638,22,0,0.0,90.0,0.09936363636363621,0.0,0.09999999999999998,0.0696818181818181,1
Estudiante 118,8.198636363636364,22,1,1.0,83.63636363636364,0.18013636363636354,0.045454545454545456,0.16363636363636358,0.13643181818181813,0
Estudiante 119,8.991818181818182,22,0,0.0,85.72727272727273,0.1008181818181818,0.0,0.1427272727272727,0.07895454545454544,0
Estudiante 12,8.718666666666667,15,0,0.0,92.33333333333333,0.1281333333333332,0.0,0.07666666666666666,0.07939999999999994,1
Estudiante 120,8.098928571428571,28,3,3.0,93.32142857142857,0.19010714285714292,0.10714285714285714,0.06678571428571434,0.14055357142857147,1
Estudiante 121,8.861818181818181,22,0,0.0,88.31818181818181,0.11381818181818182,0.0,0.11681818181818182,0.08027272727272727,1
Estudiante 122,4.8221428571428575,14,7,0.0,55.357142857142854,0.5177857142857143,0.5,0.4464285714285715,0.49817857142857147,1
Estudiante 123,7.773684210526315,19,2,0.0,87.57894736842105,0.2226315789473685,0.10526315789473684,0.12421052631578944,0.16773684210526318,1
Estudiante 124,8.445238095238095,21,0,0.0,93.80952380952381,0.15547619047619055,0.0,0.06190476190476191,0.09011904761904765,1
Estudiante 125,8.803809523809523,21,1,1.0,90.19047619047619,0.11961904761904774,0.047619047619047616,0.09809523809523812,0.09371428571428578,1
Estudiante 126,4.552857142857143,14,7,0.0,47.214285714285715,0.5447142857142857,0.5,0.5278571428571428,0.5279285714285714,1
Estudiante 127,8.621363636363636,22,0,0.0,89.36363636363636,0.1378636363636364,0.0,0.10636363636363644,0.0902045454545455,1
Estudiante 128,8.951304347826087,23,0,0.0,86.21739130434783,0.10486956521739133,0.0,0.13782608695652177,0.08000000000000002,0
Estudiante 129,9.14090909090909,22,0,0.0,90.22727272727273,0.08590909090909093,0.0,0.09772727272727266,0.0625,0
Estudiante 13,8.851176470588236,17,0,0.0,80.6470588235294,0.11488235294117644,0.0,0.19352941176470595,0.09614705882352942,0
Estudiante 130,8.352272727272727,22,1,1.0,85.63636363636364,0.1647727272727273,0.045454545454545456,0.14363636363636356,0.12475,0
Estudiante 131,9.39391304347826,23,0,0.0,86.69565217391305,0.06060869565217397,0.0,0.13304347826086949,0.056913043478260886,0
Estudiante 132,9.027391304347827,23,0,0.0,86.34782608695652,0.09726086956521729,0.0,0.13652173913043486,0.07593478260869561,0
Estudiante 133,8.602727272727272,22,0,0.0,94.18181818181819,0.1397272727272728,0.0,0.05818181818181811,0.08150000000000003,0
Estudiante 134,8.323448275862068,29,1,1.0,87.41379310344827,0.16765517241379313,0.034482758620689655,0.12586206896551733,0.11934482758620692,0
Estudiante 135,9.289545454545454,22,0,0.0,88.5909090909091,0.07104545454545463,0.0,0.11409090909090902,0.058340909090909124,0
Estudiante 136,4.576666666666667,12,6,0.0,55.75,0.5423333333333333,0.5,0.4425,0.5096666666666667,1
Estudiante 137,9.35909090909091,22,0,0.0,92.0,0.06409090909090909,0.0,0.07999999999999996,0.04804545454545454,1
Estudiante 138,9.04294117647059,17,0,0.0,97.70588235294117,0.09570588235294097,0.0,0.022941176470588243,0.05244117647058814,1
Estudiante 139,8.347,20,2,1.0,96.75,0.1653,0.1,0.03249999999999997,0.11914999999999999,1
Estudiante 14,0.0,7,7,0.0,0.0,1.0,1.0,1.0,1.0,1
Estudiante 140,8.515238095238095,21,0,0.0,94.28571428571429,0.14847619047619054,0.0,0.05714285714285705,0.08566666666666668,1
Estudiante 141,9.166521739130435,23,0,0.0,86.69565217391305,0.08334782608695657,0.0,0.13304347826086949,0.06828260869565218,0
Estudiante 142,9.59608695652174,23,0,0.0,90.78260869565217,0.04039130434782601,0.0,0.09217391304347833,0.03863043478260867,1
Estudiante 143,8.689047619047619,21,2,2.0,91.66666666666667,0.13109523809523815,0.09523809523809523,0.08333333333333326,0.11078571428571429,0
Estudiante 144,9.84590909090909,22,0,0.0,94.95454545454545,0.015409090909090928,0.0,0.05045454545454542,0.01779545454545455,0
Estudiante 145,8.814,20,0,0.0,95.85,0.11860000000000004,0.0,0.04150000000000009,0.06760000000000004,1
Estudiante 146,9.505238095238095,21,0,0.0,94.33333333333333,0.04947619047619045,0.0,0.056666666666666754,0.036071428571428574,0
Estudiante 147,8.789047619047619,21,0,0.0,93.57142857142857,0.12109523809523814,0.0,0.06428571428571428,0.07340476190476193,1
Estudiante 148,8.928,20,0,0.0,97.75,0.10719999999999996,0.0,0.022499999999999964,0.05809999999999997,1
Estudiante 149,9.224,20,0,0.0,99.5,0.0776,0.0,0.0050000000000000044,0.0398,1
Estudiante 15,8.895714285714286,14,0,0.0,98.92857142857143,0.11042857142857143,0.0,0.010714285714285676,0.05735714285714285,1
Estudiante 150,7.064285714285715,28,7,7.0,70.85714285714286,0.2935714285714285,0.25,0.29142857142857137,0.2800714285714285,0
Estudiante 151,9.7985,20,0,0.0,98.6,0.02014999999999989,0.0,0.014000000000000012,0.012874999999999947,1
Estudiante 152,9.444583333333332,24,0,0.0,84.375,0.05554166666666682,0.0,0.15625,0.05902083333333341,0
Estudiante 153,8.644814814814815,27,2,3.0,90.74074074074075,0.13551851851851848,0.07407407407407407,0.09259259259259256,0.10849999999999999,1
Estudiante 154,5.476538461538461,26,10,3.0,58.38461538461539,0.45234615384615384,0.38461538461538464,0.4161538461538461,0.4247884615384615,1
Estudiante 155,8.247222222222222,18,1,0.0,95.22222222222223,0.17527777777777787,0.05555555555555555,0.0477777777777777,0.11386111111111114,1
Estudiante 156,5.88421052631579,19,7,6.0,70.94736842105263,0.41157894736842104,0.3684210526315789,0.29052631578947374,0.374421052631579,1
Estudiante 157,8.05103448275862,29,3,3.0,84.03448275862068,0.194896551724138,0.10344827586206896,0.15965517241379312,0.16041379310344833,1
Estudiante 158,8.120384615384616,26,2,2.0,90.42307692307692,0.1879615384615384,0.07692307692307693,0.09576923076923083,0.13621153846153844,1
Estudiante 159,8.100416666666666,24,3,2.0,88.45833333333333,0.18995833333333345,0.125,0.11541666666666672,0.15556250000000008,1
Estudiante 16,7.758666666666667,15,1,1.0,87.86666666666666,0.2241333333333333,0.06666666666666667,0.1213333333333334,0.15633333333333332,1
Estudiante 160,6.6825,16,4,3.0,71.3125,0.33175,0.25,0.286875,0.29825,1
Estudiante 161,8.214,25,1,1.0,98.8,0.17859999999999998,0.04,0.01200000000000001,0.10369999999999999,1
Estudiante 162,7.684375,16,2,0.0,89.75,0.2315625,0.125,0.10250000000000004,0.17378125000000003,1
Estudiante 163,7.325,2,1,0.0,94.5,0.26749999999999996,0.5,0.05500000000000005,0.29474999999999996,1
Estudiante 164,8.18,1,0,0.0,96.0,0.18200000000000005,0.0,0.040000000000000036,0.09900000000000003,1
Estudiante 165,7.87,1,0,0.0,96.0,0.21299999999999997,0.0,0.040000000000000036,0.11449999999999999,1
Estudiante 166,2.61,1,1,0.0,62.0,0.739,1.0,0.38,0.7455,1
Estudiante 167,7.96,1,0,1.0,81.0,0.20399999999999996,0.0,0.18999999999999995,0.13999999999999996,1
Estudiante 168,0.0,1,1,0.0,0.0,1.0,1.0,1.0,1.0,1
Estudiante 169,8.16,1,0,0.0,96.0,0.18399999999999994,0.0,0.040000000000000036,0.09999999999999998,1
Estudiante 17,9.164285714285715,14,0,0.0,97.78571428571429,0.08357142857142852,0.0,0.02214285714285713,0.04621428571428569,1
Estudiante 170,5.2,1,1,0.0,84.0,0.48,1.0,0.16000000000000003,0.5720000000000001,1
Estudiante 171,6.65,1,1,0.0,90.0,0.33499999999999996,1.0,0.09999999999999998,0.4875,1
Estudiante 172,8.15,2,0,0.0,98.0,0.18499999999999994,0.0,0.020000000000000018,0.09649999999999997,1
Estudiante 173,8.2,1,0,0.0,81.0,0.18000000000000005,0.0,0.18999999999999995,0.128,1
Estudiante 174,5.73,1,1,0.0,96.0,0.42699999999999994,1.0,0.040000000000000036,0.5215,1
Estudiante 175,0.0,1,1,1.0,0.0,1.0,1.0,1.0,1.0,1
Estudiante 176,6.94,1,1,0.0,100.0,0.30599999999999994,1.0,0.0,0.45299999999999996,1
Estudiante 177,8.26,1,0,0.0,94.0,0.17400000000000004,0.0,0.06000000000000005,0.09900000000000003,1
Estudiante 178,9.040625,16,0,0.0,80.625,0.09593750000000001,0.0,0.19374999999999998,0.08671875000000001,0
Estudiante 179,0.0,1,1,0.0,0.0,1.0,1.0,1.0,1.0,1
Estudiante 18,9.375625,16,0,0.0,86.8125,0.062437500000000035,0.0,0.13187499999999996,0.05759375000000001,0
Estudiante 180,6.56,1,1,0.0,100.0,0.3440000000000001,1.0,0.0,0.47200000000000003,1
Estudiante 181,8.48,1,0,0.0,94.0,0.1519999999999999,0.0,0.06000000000000005,0.08799999999999997,1
Estudiante 182,8.495000000000001,26,1,1.0,90.8076923076923,0.15049999999999986,0.038461538461538464,0.09192307692307689,0.10517307692307684,1
Estudiante 183,8.306666666666667,27,1,1.0,91.11111111111111,0.16933333333333334,0.037037037037037035,0.0888888888888889,0.11355555555555556,1
Estudiante 184,6.045000000000001,22,7,1.0,76.36363636363636,0.39549999999999996,0.3181818181818182,0.23636363636363644,0.34047727272727274,1
Estudiante 185,8.4725,28,1,1.0,91.42857142857143,0.15274999999999994,0.03571428571428571,0.08571428571428574,0.10423214285714284,0
Estudiante 186,8.351111111111111,27,1,1.0,91.25925925925925,0.16488888888888886,0.037037037037037035,0.08740740740740749,0.11103703703703705,1
Estudiante 187,7.985517241379311,29,2,1.0,88.17241379310344,0.20144827586206893,0.06896551724137931,0.11827586206896556,0.14506896551724136,1
Estudiante 188,8.365555555555556,27,1,1.0,92.29629629629629,0.1634444444444444,0.037037037037037035,0.07703703703703713,0.10824074074074073,1
Estudiante 189,8.677307692307693,26,0,0.0,94.96153846153847,0.1322692307692307,0.0,0.05038461538461536,0.07621153846153841,1
Estudiante 19,9.088666666666667,15,0,0.0,92.6,0.09113333333333329,0.0,0.07400000000000007,0.06036666666666666,1
Estudiante 190,8.597692307692308,26,0,0.0,98.65384615384616,0.14023076923076927,0.0,0.013461538461538414,0.07280769230769232,1
Estudiante 191,8.910689655172416,29,0,0.0,88.41379310344827,0.10893103448275843,0.0,0.11586206896551732,0.07763793103448267,0
Estudiante 192,8.529615384615385,26,0,0.0,94.76923076923077,0.14703846153846156,0.0,0.05230769230769228,0.08398076923076923,1
Estudiante 193,9.10925925925926,27,0,0.0,99.18518518518519,0.08907407407407408,0.0,0.008148148148148127,0.04616666666666667,1
Estudiante 194,5.9435,20,6,0.0,74.2,0.40564999999999996,0.3,0.258,0.344425,1
Estudiante 195,8.970689655172412,29,1,0.0,88.41379310344827,0.10293103448275875,0.034482758620689655,0.11586206896551732,0.08498275862068974,0
Estudiante 196,9.443214285714287,28,0,0.0,95.53571428571429,0.055678571428571244,0.0,0.044642857142857095,0.03676785714285704,1
Estudiante 197,8.772758620689656,29,0,0.0,89.0,0.12272413793103443,0.0,0.10999999999999999,0.0833620689655172,0
Estudiante 198,8.814285714285715,28,0,0.0,91.75,0.11857142857142855,0.0,0.08250000000000002,0.07578571428571428,1
Estudiante 199,8.219615384615384,26,1,0.0,95.11538461538461,0.1780384615384616,0.038461538461538464,0.04884615384615387,0.11032692307692311,1
Estudiante 2,7.649375,16,2,2.0,86.3125,0.23506249999999995,0.125,0.13687499999999997,0.18240625,1
Estudiante 20,0.0,7,7,0.0,0.0,1.0,1.0,1.0,1.0,1
Estudiante 200,8.829642857142856,28,0,0.0,90.0,0.11703571428571435,0.0,0.09999999999999998,0.07851785714285717,1
Estudiante 201,9.183,30,0,0.0,85.9,0.0817,0.0,0.1409999999999999,0.06904999999999997,1
Estudiante 202,8.999642857142858,28,0,0.0,96.28571428571429,0.10003571428571423,0.0,0.03714285714285703,0.05744642857142852,1
Estudiante 203,8.471923076923076,26,0,0.0,94.3076923076923,0.15280769230769242,0.0,0.056923076923076965,0.0877884615384616,1
Estudiante 204,8.674347826086956,23,0,0.0,84.17391304347827,0.13256521739130434,0.0,0.15826086956521734,0.09793478260869565,0
Estudiante 205,8.329629629629629,27,0,0.0,94.5925925925926,0.1670370370370371,0.0,0.05407407407407405,0.09433333333333335,1
Estudiante 206,5.809523809523809,21,6,0.0,67.52380952380952,0.4190476190476191,0.2857142857142857,0.3247619047619048,0.3601904761904762,1
Estudiante 207,8.45076923076923,26,0,0.0,96.88461538461539,0.15492307692307694,0.0,0.031153846153846088,0.08369230769230769,1
Estudiante 208,8.675925925925926,27,0,0.0,95.74074074074075,0.13240740740740742,0.0,0.042592592592592515,0.07472222222222222,1
Estudiante 209,8.587857142857143,28,0,0.0,93.67857142857143,0.14121428571428574,0.0,0.06321428571428567,0.08325,1
Estudiante 21,8.848571428571429,14,0,0.0,98.21428571428571,0.1151428571428571,0.0,0.017857142857142905,0.06114285714285713,1
Estudiante 210,8.395909090909091,22,2,0.0,91.72727272727273,0.16040909090909083,0.09090909090909091,0.08272727272727265,0.12402272727272722,1
Estudiante 211,8.450714285714286,28,0,0.0,93.85714285714286,0.15492857142857142,0.0,0.06142857142857139,0.08974999999999998,1
Estudiante 212,8.31391304347826,23,1,0.0,87.78260869565217,0.16860869565217396,0.043478260869565216,0.12217391304347824,0.12178260869565219,0
Estudiante 213,8.24076923076923,26,1,1.0,91.57692307692308,0.17592307692307707,0.038461538461538464,0.08423076923076922,0.11634615384615392,1
Estudiante 214,9.75,1,0,0.0,100.0,0.025000000000000022,0.0,0.0,0.012500000000000011,1
Estudiante 215,8.09,1,0,0.0,100.0,0.19100000000000006,0.0,0.0,0.09550000000000003,1
Estudiante 216,4.43,1,1,0.0,52.0,0.557,1.0,0.48,0.6745,1
Estudiante 217,8.55,1,0,0.0,90.0,0.1449999999999999,0.0,0.09999999999999998,0.09249999999999994,1
Estudiante 218,4.31,1,1,0.0,54.0,0.5690000000000001,1.0,0.45999999999999996,0.6765,1
Estudiante 219,7.02,1,0,1.0,78.0,0.29800000000000004,0.0,0.21999999999999997,0.193,1
Estudiante 22,9.349285714285713,14,0,0.0,99.5,0.06507142857142867,0.0,0.0050000000000000044,0.033535714285714335,1
Estudiante 220,0.0,1,1,0.0,0.0,1.0,1.0,1.0,1.0,1
Estudiante 221,8.6,1,0,0.0,88.0,0.14,0.0,0.12,0.094,1
Estudiante 222,0.0,1,1,0.0,0.0,1.0,1.0,1.0,1.0,1
Estudiante 223,6.08,1,1,1.0,78.0,0.392,1.0,0.21999999999999997,0.54,1
Estudiante 224,8.32,1,0,0.0,90.0,0.16799999999999993,0.0,0.09999999999999998,0.10399999999999995,1
Estudiante 225,7.87,1,0,0.0,93.0,0.21299999999999997,0.0,0.06999999999999995,0.12049999999999997,1
Estudiante 226,2.69,1,1,0.0,28.0,0.731,1.0,0.72,0.8095,1
Estudiante 227,7.06,1,0,0.0,72.0,0.29400000000000004,0.0,0.28,0.203,1
Estudiante 228,7.79,2,0,0.0,89.0,0.22099999999999997,0.0,0.10999999999999999,0.13249999999999998,1
Estudiante 229,8.91,1,0,0.0,82.0,0.10899999999999999,0.0,0.18000000000000005,0.0905,1
Estudiante 23,9.102142857142857,14,1,0.0,99.21428571428571,0.08978571428571436,0.07142857142857142,0.007857142857142896,0.06789285714285719,1
Estudiante 230,7.98,1,0,0.0,90.0,0.20199999999999996,0.0,0.09999999999999998,0.12099999999999997,1
Estudiante 231,0.0,1,1,0.0,0.0,1.0,1.0,1.0,1.0,1
Estudiante 232,8.4,1,0,0.0,93.0,0.15999999999999992,0.0,0.06999999999999995,0.09399999999999994,1
Estudiante 233,0.0,1,1,0.0,0.0,1.0,1.0,1.0,1.0,1
Estudiante 234,8.24,1,0,0.0,88.0,0.17599999999999993,0.0,0.12,0.11199999999999996,1
Estudiante 235,8.84,2,0,0.0,98.0,0.11599999999999999,0.0,0.020000000000000018,0.062,1
Estudiante 236,8.92,1,0,1.0,97.0,0.10799999999999998,0.0,0.030000000000000027,0.06,1
Estudiante 237,8.35,1,0,0.0,85.0,0.16500000000000004,0.0,0.15000000000000002,0.11250000000000002,1
Estudiante 238,8.14,1,0,0.0,100.0,0.18599999999999994,0.0,0.0,0.09299999999999997,1
Estudiante 239,6.71,1,1,0.0,90.0,0.32899999999999996,1.0,0.09999999999999998,0.4845,1
Estudiante 24,8.996666666666666,15,0,0.0,92.6,0.10033333333333339,0.0,0.07400000000000007,0.0649666666666667,0
Estudiante 240,7.26,1,0,0.0,100.0,0.274,0.0,0.0,0.137,1
Estudiante 241,8.02,1,0,0.0,96.0,0.19800000000000006,0.0,0.040000000000000036,0.10700000000000004,1
Estudiante 242,0.0,1,1,0.0,0.0,1.0,1.0,1.0,1.0,1
Estudiante 243,3.11,1,1,0.0,76.0,0.6890000000000001,1.0,0.24,0.6925000000000001,1
Estudiante 244,7.68,1,0,1.0,94.0,0.23199999999999998,0.0,0.06000000000000005,0.128,1
Estudiante 245,7.06,1,0,1.0,82.0,0.29400000000000004,0.0,0.18000000000000005,0.18300000000000002,1
Estudiante 246,7.04,1,0,0.0,86.0,0.29600000000000004,0.0,0.14,0.17600000000000002,1
Estudiante 247,7.82,1,0,0.0,72.0,0.21799999999999997,0.0,0.28,0.16499999999999998,1
Estudiante 248,2.62,1,1,1.0,58.0,0.738,1.0,0.42000000000000004,0.7530000000000001,1
Estudiante 249,7.02,1,0,0.0,90.0,0.29800000000000004,0.0,0.09999999999999998,0.169,1
Estudiante 25,9.313571428571427,14,0,0.0,99.42857142857143,0.06864285714285734,0.0,0.005714285714285672,0.0354642857142858,1
Estudiante 250,3.04,1,1,0.0,68.0,0.696,1.0,0.31999999999999995,0.7119999999999999,1
Estudiante 251,0.0,1,1,1.0,0.0,1.0,1.0,1.0,1.0,1
Estudiante 252,8.62,1,0,0.0,94.0,0.13800000000000012,0.0,0.06000000000000005,0.08100000000000007,1
Estudiante 253,8.69,1,0,1.0,90.0,0.131,0.0,0.09999999999999998,0.08549999999999999,1
Estudiante 254,0.31,7,7,0.0,8.571428571428571,0.969,1.0,0.9142857142857143,0.9673571428571428,1
Estudiante 255,1.5899999999999999,7,7,0.0,15.714285714285714,0.841,1.0,0.8428571428571429,0.8890714285714285,1
Estudiante 256,4.114444444444445,9,6,2.0,57.22222222222222,0.5885555555555555,0.6666666666666666,0.4277777777777778,0.5798333333333333,1
Estudiante 257,5.651999999999999,10,6,3.0,84.0,0.4348000000000001,0.6,0.16000000000000003,0.42940000000000006,1
Estudiante 258,0.4714285714285714,7,7,0.0,11.0,0.9528571428571428,1.0,0.89,0.9544285714285715,1
Estudiante 259,0.6014285714285715,7,7,0.0,13.428571428571429,0.9398571428571428,1.0,0.8657142857142857,0.9430714285714286,1
Estudiante 26,6.354444444444444,9,5,2.0,87.22222222222223,0.36455555555555563,0.5555555555555556,0.12777777777777777,0.37450000000000006,1
Estudiante 260,3.9616666666666664,6,5,0.0,49.833333333333336,0.6038333333333333,0.8333333333333334,0.5016666666666667,0.65225,1
Estudiante 261,4.999090909090909,22,15,14.0,77.63636363636364,0.5000909090909091,0.6818181818181818,0.22363636363636363,0.4993181818181818,1
Estudiante 262,2.2885714285714287,14,14,7.0,55.857142857142854,0.7711428571428571,1.0,0.4414285714285715,0.7738571428571428,1
Estudiante 263,8.33375,8,1,0.0,82.75,0.16662500000000002,0.125,0.1725,0.15531250000000002,1
Estudiante 264,3.674615384615384,13,9,3.0,59.23076923076923,0.6325384615384616,0.6923076923076923,0.4076923076923077,0.6055,1
Estudiante 265,4.477142857142857,7,6,0.0,59.142857142857146,0.5522857142857143,0.8571428571428571,0.4085714285714286,0.615,1
Estudiante 266,4.941333333333334,15,14,6.0,79.8,0.5058666666666667,0.9333333333333333,0.20200000000000007,0.5733333333333333,1
Estudiante 267,4.686153846153847,13,8,2.0,59.07692307692308,0.5313846153846153,0.6153846153846154,0.4092307692307692,0.5321538461538462,1
Estudiante 268,2.8057142857142856,7,7,0.0,41.57142857142857,0.7194285714285714,1.0,0.5842857142857143,0.7765714285714286,1
Estudiante 269,2.5042857142857144,7,7,0.0,32.42857142857143,0.7495714285714286,1.0,0.6757142857142857,0.8099285714285714,1
Estudiante 27,8.895625,16,0,0.0,86.5625,0.11043749999999997,0.0,0.13437500000000002,0.08209375,0
Estudiante 270,0.6842857142857143,7,7,0.0,7.571428571428571,0.9315714285714286,1.0,0.9242857142857143,0.9506428571428571,1
Estudiante 271,9.04857142857143,14,0,0.0,99.71428571428571,0.09514285714285697,0.0,0.0028571428571428914,0.048142857142857064,1
Estudiante 272,2.676666666666667,3,3,0.0,48.0,0.7323333333333333,1.0,0.52,0.7701666666666666,1
Estudiante 273,5.854090909090909,22,10,9.0,66.0,0.4145909090909091,0.45454545454545453,0.33999999999999997,0.4116590909090909,0
Estudiante 274,6.776999999999999,10,3,1.0,75.3,0.32230000000000003,0.3,0.247,0.30055,1
Estudiante 275,8.45,1,0,0.0,93.0,0.15500000000000003,0.0,0.06999999999999995,0.0915,1
Estudiante 276,0.0,1,1,0.0,0.0,1.0,1.0,1.0,1.0,1
Estudiante 277,6.9,1,1,0.0,90.0,0.30999999999999994,1.0,0.09999999999999998,0.475,1
Estudiante 278,7.39,1,0,0.0,100.0,0.261,0.0,0.0,0.1305,1
Estudiante 279,7.77,1,0,0.0,94.0,0.2230000000000001,0.0,0.06000000000000005,0.12350000000000005,1
Estudiante 28,8.25153846153846,13,1,1.0,81.6923076923077,0.17484615384615387,0.07692307692307693,0.18307692307692303,0.14711538461538462,1
Estudiante 280,6.3,1,1,0.0,96.0,0.37,1.0,0.040000000000000036,0.493,1
Estudiante 281,6.92,1,1,0.0,96.0,0.30800000000000005,1.0,0.040000000000000036,0.462,1
Estudiante 282,2.92,1,1,0.0,67.0,0.708,1.0,0.32999999999999996,0.7199999999999999,1
Estudiante 283,7.74,1,0,0.0,94.0,0.22599999999999998,0.0,0.06000000000000005,0.125,1
Estudiante 284,7.99,1,0,0.0,100.0,0.20099999999999996,0.0,0.0,0.10049999999999998,1
Estudiante 285,5.45,1,1,0.0,75.0,0.45499999999999996,1.0,0.25,0.5775,1
Estudiante 286,0.97,1,1,0.0,68.0,0.903,1.0,0.31999999999999995,0.8155,1
Estudiante 287,7.29,1,0,0.0,90.0,0.271,0.0,0.09999999999999998,0.1555,1
Estudiante 288,5.9350000000000005,2,2,1.0,88.0,0.4065,1.0,0.12,0.52725,1
Estudiante 289,8.03,1,0,0.0,100.0,0.19700000000000006,0.0,0.0,0.09850000000000003,1
Estudiante 29,8.866875,16,0,0.0,86.125,0.11331249999999993,0.0,0.13875000000000004,0.08440624999999997,1
Estudiante 290,3.64,1,1,0.0,67.0,0.636,1.0,0.32999999999999996,0.6839999999999999,1
Estudiante 291,7.79,1,0,0.0,87.0,0.22099999999999997,0.0,0.13,0.13649999999999998,1
Estudiante 292,7.32,1,0,0.0,78.0,0.268,0.0,0.21999999999999997,0.178,1
Estudiante 293,4.22,1,1,1.0,82.0,0.5780000000000001,1.0,0.18000000000000005,0.625,1
Estudiante 294,1.52,1,1,0.0,67.0,0.848,1.0,0.32999999999999996,0.7899999999999999,1
Estudiante 295,0.0,1,1,0.0,0.0,1.0,1.0,1.0,1.0,1
Estudiante 296,7.839230769230769,13,2,0.0,90.0,0.21607692307692317,0.15384615384615385,0.09999999999999998,0.17419230769230773,1
Estudiante 297,9.118571428571428,14,0,0.0,99.35714285714286,0.08814285714285719,0.0,0.006428571428571339,0.04535714285714286,1
Estudiante 298,4.522142857142858,14,7,0.0,56.357142857142854,0.5477857142857142,0.5,0.4364285714285715,0.5111785714285714,1
Estudiante 299,4.01,1,1,0.0,82.0,0.599,1.0,0.18000000000000005,0.6355,1
Estudiante 3,9.227142857142857,14,0,0.0,99.21428571428571,0.07728571428571429,0.0,0.007857142857142896,0.04021428571428572,1
Estudiante 30,8.919285714285715,14,0,0.0,97.42857142857143,0.10807142857142849,0.0,0.02571428571428569,0.05917857142857138,1
Estudiante 300,3.22,1,1,0.0,89.0,0.6779999999999999,1.0,0.10999999999999999,0.661,1
Estudiante 301,0.0,1,1,1.0,0.0,1.0,1.0,1.0,1.0,1
Estudiante 302,5.55,1,1,0.0,96.0,0.44500000000000006,1.0,0.040000000000000036,0.5305,1
Estudiante 303,5.71,1,1,1.0,96.0,0.42900000000000005,1.0,0.040000000000000036,0.5225,1
Estudiante 304,0.0,1,1,1.0,0.0,1.0,1.0,1.0,1.0,1
Estudiante 305,7.19,1,0,0.0,100.0,0.2809999999999999,0.0,0.0,0.14049999999999996,1
Estudiante 306,7.83,1,0,0.0,96.0,0.21699999999999997,0.0,0.040000000000000036,0.11649999999999999,1
Estudiante 307,0.0,1,1,0.0,0.0,1.0,1.0,1.0,1.0,1
Estudiante 308,5.06,1,1,1.0,67.0,0.494,1.0,0.32999999999999996,0.6129999999999999,1
Estudiante 309,7.51,1,0,0.0,100.0,0.249,0.0,0.0,0.1245,1
Estudiante 31,0.0,7,7,0.0,0.0,1.0,1.0,1.0,1.0,1
Estudiante 310,7.49,1,0,0.0,92.0,0.251,0.0,0.07999999999999996,0.1415,1
Estudiante 311,0.0,1,1,1.0,0.0,1.0,1.0,1.0,1.0,1
Estudiante 312,6.7,1,1,0.0,86.0,0.32999999999999996,1.0,0.14,0.493,1
Estudiante 313,6.76,1,1,0.0,100.0,0.32400000000000007,1.0,0.0,0.462,1
Estudiante 314,8.3,1,0,0.0,100.0,0.16999999999999993,0.0,0.0,0.08499999999999996,1
Estudiante 315,7.61,1,0,0.0,96.0,0.239,0.0,0.040000000000000036,0.1275,1
Estudiante 316,7.71,1,0,0.0,96.0,0.22899999999999998,0.0,0.040000000000000036,0.1225,1
Estudiante 317,0.0,1,1,0.0,0.0,1.0,1.0,1.0,1.0,1
Estudiante 318,7.96,1,0,0.0,96.0,0.20399999999999996,0.0,0.040000000000000036,0.10999999999999999,1
Estudiante 319,6.08,1,1,0.0,96.0,0.392,1.0,0.040000000000000036,0.504,1
Estudiante 32,8.433333333333334,15,0,0.0,90.86666666666666,0.15666666666666662,0.0,0.09133333333333338,0.09659999999999999,1
Estudiante 320,7.85,1,0,0.0,96.0,0.21500000000000008,0.0,0.040000000000000036,0.11550000000000005,1
Estudiante 321,7.02,1,0,0.0,96.0,0.29800000000000004,0.0,0.040000000000000036,0.15700000000000003,1
Estudiante 322,7.38,1,0,0.0,100.0,0.262,0.0,0.0,0.131,1
Estudiante 323,0.21,1,1,1.0,0.0,0.979,1.0,1.0,0.9895,1
Estudiante 324,8.43,7,0,0.0,96.71428571428571,0.15700000000000003,0.0,0.03285714285714292,0.0850714285714286,1
Estudiante 325,4.121428571428571,7,6,0.0,70.28571428571429,0.5878571428571429,0.8571428571428571,0.29714285714285704,0.6104999999999999,1
Estudiante 326,9.15625,8,0,0.0,87.5,0.08437499999999998,0.0,0.125,0.06718749999999998,1
Estudiante 327,9.481428571428571,7,0,0.0,100.0,0.051857142857142824,0.0,0.0,0.025928571428571412,1
Estudiante 328,8.48,7,0,0.0,97.42857142857143,0.1519999999999999,0.0,0.02571428571428569,0.0811428571428571,1
Estudiante 329,7.75625,8,2,0.0,92.25,0.224375,0.25,0.07750000000000001,0.20268750000000002,1
Estudiante 33,8.37,16,0,0.0,83.6875,0.16300000000000003,0.0,0.16312499999999996,0.114125,0
Estudiante 330,0.7614285714285715,7,7,0.0,0.0,0.9238571428571428,1.0,1.0,0.9619285714285715,1
Estudiante 331,6.1975,8,3,0.0,69.5,0.38025,0.375,0.30500000000000005,0.363625,0
Estudiante 332,7.808571428571428,7,1,0.0,92.14285714285714,0.2191428571428572,0.14285714285714285,0.07857142857142863,0.16814285714285718,1
Estudiante 333,9.521428571428572,7,0,0.0,98.85714285714286,0.04785714285714282,0.0,0.011428571428571344,0.02621428571428568,1
Estudiante 334,8.912857142857144,7,0,0.0,96.71428571428571,0.10871428571428565,0.0,0.03285714285714292,0.06092857142857141,1
Estudiante 335,8.837777777777777,9,0,0.0,72.22222222222223,0.11622222222222223,0.0,0.2777777777777777,0.11366666666666665,0
Estudiante 336,7.70875,8,1,0.0,85.25,0.22912500000000002,0.125,0.14749999999999996,0.18156250000000002,1
Estudiante 337,9.530000000000001,7,0,0.0,100.0,0.04699999999999993,0.0,0.0,0.023499999999999965,1
Estudiante 338,8.525714285714285,7,0,0.0,92.85714285714286,0.14742857142857146,0.0,0.0714285714285714,0.08800000000000001,1
Estudiante 339,9.345,8,0,0.0,85.75,0.06549999999999989,0.0,0.14249999999999996,0.06124999999999994,0
Estudiante 34,1.1114285714285714,14,14,7.0,23.071428571428573,0.8888571428571429,1.0,0.7692857142857142,0.8982857142857144,1
Estudiante 340,9.116666666666667,9,0,0.0,76.55555555555556,0.08833333333333326,0.0,0.23444444444444446,0.09105555555555553,0
Estudiante 341,9.015714285714285,7,0,0.0,92.71428571428571,0.09842857142857153,0.0,0.07285714285714295,0.06378571428571436,1
Estudiante 342,8.622222222222222,9,0,0.0,74.66666666666667,0.13777777777777778,0.0,0.2533333333333333,0.11955555555555555,0
Estudiante 343,8.790000000000001,7,0,0.0,97.42857142857143,0.12099999999999989,0.0,0.02571428571428569,0.06564285714285709,1
Estudiante 344,8.552222222222222,9,0,0.0,75.33333333333333,0.1447777777777779,0.0,0.2466666666666667,0.12172222222222229,0
Estudiante 345,9.004285714285714,7,0,0.0,98.28571428571429,0.09957142857142853,0.0,0.017142857142857126,0.05321428571428569,1
Estudiante 346,9.0775,8,0,0.0,85.25,0.09224999999999994,0.0,0.14749999999999996,0.07562499999999997,0
Estudiante 347,8.85,7,0,0.0,94.71428571428571,0.11499999999999999,0.0,0.052857142857142936,0.06807142857142859,1
Estudiante 348,8.992857142857144,7,0,0.0,98.57142857142857,0.10071428571428565,0.0,0.014285714285714346,0.05321428571428569,1
Estudiante 349,0.17142857142857143,7,7,0.0,0.0,0.9828571428571429,1.0,1.0,0.9914285714285713,1
Estudiante 35,5.771818181818182,11,4,0.0,64.81818181818181,0.42281818181818176,0.36363636363636365,0.3518181818181819,0.39086363636363636,1
Estudiante 350,8.702857142857143,7,0,0.0,95.71428571428571,0.12971428571428567,0.0,0.04285714285714293,0.07342857142857143,1
Estudiante 351,8.588571428571429,7,0,0.0,92.42857142857143,0.14114285714285713,0.0,0.07571428571428573,0.08571428571428572,1
Estudiante 352,9.09142857142857,7,0,0.0,99.57142857142857,0.09085714285714297,0.0,0.004285714285714337,0.046285714285714354,1
Estudiante 353,3.037142857142857,7,7,0.0,22.428571428571427,0.6962857142857143,1.0,0.7757142857142857,0.8032857142857143,1
Estudiante 354,8.2025,4,0,0.0,79.5,0.17974999999999997,0.0,0.20499999999999996,0.13087499999999996,1
Estudiante 355,9.145714285714286,7,0,0.0,99.0,0.08542857142857141,0.0,0.010000000000000009,0.044714285714285706,1
Estudiante 356,8.636666666666667,9,0,0.0,77.44444444444444,0.1363333333333333,0.0,0.22555555555555562,0.11327777777777778,0
Estudiante 357,8.525714285714285,7,0,0.0,93.0,0.14742857142857146,0.0,0.06999999999999995,0.08771428571428572,1
Estudiante 358,9.284285714285716,7,0,0.0,98.57142857142857,0.0715714285714284,0.0,0.014285714285714346,0.03864285714285707,1
Estudiante 359,8.884285714285713,7,0,0.0,97.42857142857143,0.11157142857142865,0.0,0.02571428571428569,0.060928571428571464,1
Estudiante 36,8.858666666666666,15,1,1.0,84.06666666666666,0.11413333333333342,0.06666666666666667,0.15933333333333333,0.10893333333333338,0
Estudiante 360,9.051428571428572,7,0,0.0,99.0,0.09485714285714286,0.0,0.010000000000000009,0.04942857142857143,1
Estudiante 361,9.49625,8,0,0.0,87.5,0.05037500000000006,0.0,0.125,0.05018750000000003,1
Estudiante 362,9.138571428571428,7,0,0.0,100.0,0.08614285714285719,0.0,0.0,0.043071428571428594,1
Estudiante 363,9.222857142857142,7,0,0.0,100.0,0.07771428571428574,0.0,0.0,0.03885714285714287,1
Estudiante 364,9.355714285714287,7,0,0.0,99.42857142857143,0.06442857142857128,0.0,0.005714285714285672,0.03335714285714277,1
Estudiante 365,9.366666666666667,9,0,0.0,76.22222222222223,0.06333333333333324,0.0,0.23777777777777775,0.07922222222222217,0
Estudiante 366,9.272857142857143,7,0,0.0,97.42857142857143,0.07271428571428573,0.0,0.02571428571428569,0.0415,1
Estudiante 367,9.275714285714287,7,0,0.0,97.57142857142857,0.07242857142857129,0.0,0.024285714285714355,0.041071428571428516,1
Estudiante 368,1.5085714285714287,7,7,0.0,12.571428571428571,0.8491428571428572,1.0,0.8742857142857143,0.8994285714285715,1
Estudiante 369,8.324285714285713,7,0,0.0,94.85714285714286,0.1675714285714287,0.0,0.05142857142857138,0.09407142857142863,1
Estudiante 37,8.949375,16,0,0.0,86.8125,0.10506250000000006,0.0,0.13187499999999996,0.07890625000000002,0
Estudiante 370,8.7075,8,1,0.0,83.25,0.1292500000000001,0.125,0.16749999999999998,0.13562500000000005,1
Estudiante 371,9.65375,8,0,0.0,87.5,0.034624999999999906,0.0,0.125,0.042312499999999954,0
Estudiante 372,9.47,7,0,0.0,98.0,0.052999999999999936,0.0,0.020000000000000018,0.03049999999999997,1
Estudiante 373,9.351428571428572,7,0,0.0,99.57142857142857,0.06485714285714272,0.0,0.004285714285714337,0.03328571428571423,1
Estudiante 374,8.477142857142857,7,0,0.0,99.14285714285714,0.15228571428571436,0.0,0.008571428571428563,0.07785714285714289,1
Estudiante 375,8.153333333333332,9,0,0.0,90.11111111111111,0.18466666666666676,0.0,0.0988888888888888,0.11211111111111113,0
Estudiante 376,8.94111111111111,9,0,0.0,77.44444444444444,0.10588888888888892,0.0,0.22555555555555562,0.09805555555555559,0
Estudiante 377,8.91,8,0,0.0,87.125,0.10899999999999999,0.0,0.12875000000000003,0.08025,1
Estudiante 378,8.452222222222222,9,0,0.0,76.66666666666667,0.1547777777777778,0.0,0.23333333333333328,0.12405555555555556,0
Estudiante 379,8.790000000000001,8,0,0.0,86.75,0.12099999999999989,0.0,0.13249999999999995,0.08699999999999994,0
Estudiante 38,4.812307692307693,13,8,3.0,67.53846153846153,0.5187692307692308,0.6153846153846154,0.32461538461538464,0.5089230769230769,1
Estudiante 380,9.08,8,0,0.0,87.5,0.09199999999999997,0.0,0.125,0.07099999999999998,0
Estudiante 381,7.546666666666667,6,1,0.0,96.83333333333333,0.2453333333333333,0.16666666666666666,0.03166666666666673,0.179,1
Estudiante 382,4.58,15,8,7.0,56.46666666666667,0.542,0.5333333333333333,0.43533333333333335,0.5180666666666667,1
Estudiante 383,8.5025,8,0,0.0,86.0,0.14975000000000005,0.0,0.14,0.10287500000000002,1
Estudiante 384,7.767142857142857,7,0,0.0,91.85714285714286,0.2232857142857143,0.0,0.0814285714285714,0.12792857142857145,1
Estudiante 385,8.465714285714286,7,0,0.0,97.42857142857143,0.15342857142857136,0.0,0.02571428571428569,0.08185714285714282,1
Estudiante 386,5.9557142857142855,7,5,0.0,70.28571428571429,0.40442857142857147,0.7142857142857143,0.29714285714285704,0.47592857142857137,1
Estudiante 387,9.04375,8,0,0.0,87.0,0.09562500000000007,0.0,0.13,0.07381250000000003,0
Estudiante 388,0.0,7,7,0.0,0.0,1.0,1.0,1.0,1.0,1
Estudiante 389,9.154285714285715,7,0,0.0,96.0,0.08457142857142852,0.0,0.040000000000000036,0.05028571428571427,1
Estudiante 39,6.666666666666667,9,4,2.0,87.11111111111111,0.33333333333333326,0.4444444444444444,0.12888888888888883,0.3257777777777777,1
Estudiante 390,9.351111111111111,9,0,0.0,77.44444444444444,0.06488888888888888,0.0,0.22555555555555562,0.07755555555555557,0
Estudiante 391,8.668571428571429,7,0,0.0,92.57142857142857,0.13314285714285712,0.0,0.07428571428571429,0.08142857142857142,1
Estudiante 392,9.288888888888888,9,0,0.0,83.33333333333333,0.07111111111111124,0.0,0.16666666666666674,0.06888888888888897,0
Estudiante 393,0.1457142857142857,7,7,0.0,8.571428571428571,0.9854285714285714,1.0,0.9142857142857143,0.9755714285714285,1
Estudiante 394,8.42,6,1,0.0,86.83333333333333,0.15800000000000003,0.16666666666666666,0.1316666666666667,0.15533333333333335,1
Estudiante 395,8.627142857142857,7,1,0.0,96.57142857142857,0.13728571428571423,0.14285714285714285,0.03428571428571425,0.11835714285714281,1
Estudiante 396,8.972222222222221,9,0,0.0,73.0,0.10277777777777786,0.0,0.27,0.10538888888888893,0
Estudiante 397,9.531428571428572,7,0,0.0,99.14285714285714,0.04685714285714282,0.0,0.008571428571428563,0.025142857142857123,1
Estudiante 398,8.265,8,1,0.0,82.875,0.1735,0.125,0.17125,0.1585,1
Estudiante 399,6.161428571428571,7,5,0.0,85.71428571428571,0.3838571428571429,0.7142857142857143,0.1428571428571429,0.43478571428571433,1
Estudiante 4,8.897058823529411,17,0,0.0,81.70588235294117,0.11029411764705888,0.0,0.18294117647058827,0.0917352941176471,0
Estudiante 40,8.602,15,0,0.0,92.6,0.13979999999999992,0.0,0.07400000000000007,0.08469999999999997,1
Estudiante 400,8.224285714285715,7,0,0.0,95.14285714285714,0.1775714285714285,0.0,0.0485714285714286,0.09849999999999996,1
Estudiante 401,0.0,7,7,0.0,10.714285714285714,1.0,1.0,0.8928571428571429,0.9785714285714286,1
Estudiante 402,8.625714285714286,7,0,0.0,96.42857142857143,0.13742857142857134,0.0,0.0357142857142857,0.07585714285714282,1
Estudiante 403,7.70875,8,1,0.0,90.0,0.22912500000000002,0.125,0.09999999999999998,0.1720625,1
Estudiante 404,9.154444444444444,9,0,0.0,77.44444444444444,0.0845555555555556,0.0,0.22555555555555562,0.08738888888888893,0
Estudiante 405,0.9514285714285714,7,7,0.0,5.714285714285714,0.9048571428571428,1.0,0.9428571428571428,0.9410000000000001,1
Estudiante 406,8.389999999999999,7,1,0.0,96.14285714285714,0.16100000000000014,0.14285714285714285,0.03857142857142859,0.13107142857142864,1
Estudiante 407,9.042857142857143,7,0,0.0,93.85714285714286,0.09571428571428575,0.0,0.06142857142857139,0.06014285714285715,1
Estudiante 408,9.73,1,0,0.0,96.0,0.026999999999999913,0.0,0.040000000000000036,0.021499999999999964,1
Estudiante 409,9.52,1,0,0.0,94.0,0.04800000000000004,0.0,0.06000000000000005,0.03600000000000003,1
Estudiante 41,8.997142857142858,14,0,0.0,98.57142857142857,0.1002857142857142,0.0,0.014285714285714346,0.05299999999999997,1
Estudiante 410,9.77,1,0,0.0,100.0,0.02300000000000002,0.0,0.0,0.01150000000000001,1
Estudiante 411,8.27,1,0,0.0,94.0,0.17300000000000004,0.0,0.06000000000000005,0.09850000000000003,1
Estudiante 412,8.56,1,0,0.0,90.0,0.1439999999999999,0.0,0.09999999999999998,0.09199999999999994,1
Estudiante 413,9.65,1,0,0.0,100.0,0.03499999999999992,0.0,0.0,0.01749999999999996,1
Estudiante 414,8.74,1,0,0.0,96.0,0.126,0.0,0.040000000000000036,0.07100000000000001,1
Estudiante 415,8.47,1,0,1.0,84.0,0.1529999999999999,0.0,0.16000000000000003,0.10849999999999996,1
Estudiante 416,8.54,1,0,0.0,94.0,0.14600000000000013,0.0,0.06000000000000005,0.08500000000000008,1
Estudiante 417,0.0,1,1,1.0,0.0,1.0,1.0,1.0,1.0,1
Estudiante 418,9.47,1,0,0.0,100.0,0.052999999999999936,0.0,0.0,0.026499999999999968,1
Estudiante 419,9.86,1,0,0.0,100.0,0.014000000000000012,0.0,0.0,0.007000000000000006,1
Estudiante 42,7.676666666666667,15,3,2.0,85.0,0.23233333333333328,0.2,0.15000000000000002,0.20616666666666664,1
Estudiante 420,7.56,1,0,0.0,97.0,0.244,0.0,0.030000000000000027,0.128,1
Estudiante 421,9.18,1,0,0.0,100.0,0.08200000000000007,0.0,0.0,0.041000000000000036,1
Estudiante 422,9.14,1,0,0.0,97.0,0.08599999999999997,0.0,0.030000000000000027,0.04899999999999999,1
Estudiante 423,8.88,1,0,0.0,96.0,0.11199999999999988,0.0,0.040000000000000036,0.06399999999999995,1
Estudiante 424,8.1,1,0,0.0,100.0,0.19000000000000006,0.0,0.0,0.09500000000000003,1
Estudiante 425,5.17,1,1,1.0,41.0,0.483,1.0,0.5900000000000001,0.6595,1
Estudiante 426,4.12,1,1,0.0,90.0,0.588,1.0,0.09999999999999998,0.614,1
Estudiante 427,8.07,1,0,0.0,88.0,0.19299999999999995,0.0,0.12,0.12049999999999997,1
Estudiante 428,4.01,1,1,0.0,42.0,0.599,1.0,0.5800000000000001,0.7154999999999999,1
Estudiante 429,9.44,1,0,0.0,100.0,0.05600000000000005,0.0,0.0,0.028000000000000025,1
Estudiante 43,8.71125,16,0,0.0,86.5625,0.12887500000000007,0.0,0.13437500000000002,0.09131250000000005,0
Estudiante 430,9.38,1,0,0.0,96.0,0.061999999999999944,0.0,0.040000000000000036,0.03899999999999998,1
Estudiante 431,7.17,1,0,1.0,74.0,0.28300000000000003,0.0,0.26,0.1935,1
Estudiante 432,8.78,1,0,0.0,84.0,0.12200000000000011,0.0,0.16000000000000003,0.09300000000000005,1
Estudiante 433,4.73,1,1,0.0,62.0,0.5269999999999999,1.0,0.38,0.6395,1
Estudiante 434,9.59,1,0,0.0,96.0,0.041000000000000036,0.0,0.040000000000000036,0.028500000000000025,1
Estudiante 435,7.02,1,0,0.0,96.0,0.29800000000000004,0.0,0.040000000000000036,0.15700000000000003,1
Estudiante 436,7.39,1,0,1.0,79.0,0.261,0.0,0.20999999999999996,0.1725,1
Estudiante 437,7.23,1,0,0.0,84.0,0.2769999999999999,0.0,0.16000000000000003,0.17049999999999996,1
Estudiante 438,7.05,1,0,0.0,83.0,0.29500000000000004,0.0,0.17000000000000004,0.18150000000000002,1
Estudiante 439,7.44,1,0,0.0,96.0,0.256,0.0,0.040000000000000036,0.136,1
Estudiante 44,8.660625,16,0,0.0,85.6875,0.13393750000000004,0.0,0.14312499999999995,0.09559375,0
Estudiante 440,7.26,1,0,0.0,96.0,0.274,0.0,0.040000000000000036,0.14500000000000002,1
Estudiante 441,0.0,1,1,0.0,0.0,1.0,1.0,1.0,1.0,1
Estudiante 442,9.58,1,0,0.0,96.0,0.04200000000000004,0.0,0.040000000000000036,0.029000000000000026,1
Estudiante 443,9.08,1,0,0.0,100.0,0.09199999999999997,0.0,0.0,0.045999999999999985,1
Estudiante 444,1.70625,8,8,0.0,41.625,0.829375,1.0,0.58375,0.8314374999999999,1
Estudiante 445,0.8757142857142857,7,7,0.0,9.142857142857142,0.9124285714285715,1.0,0.9085714285714286,0.9379285714285714,1
Estudiante 446,0.0,6,6,0.0,8.0,1.0,1.0,0.92,0.9840000000000001,1
Estudiante 447,1.8657142857142859,7,7,0.0,12.571428571428571,0.8134285714285714,1.0,0.8742857142857143,0.8815714285714285,1
Estudiante 448,2.87125,8,8,0.0,35.375,0.712875,1.0,0.64625,0.7856875,1
Estudiante 449,0.44571428571428573,7,7,0.0,0.0,0.9554285714285714,1.0,1.0,0.9777142857142858,1
Estudiante 45,9.03,16,0,0.0,85.9375,0.09700000000000009,0.0,0.140625,0.07662500000000004,0
Estudiante 450,0.2357142857142857,7,7,0.0,0.0,0.9764285714285714,1.0,1.0,0.9882142857142857,1
Estudiante 451,3.246666666666666,6,6,0.0,62.0,0.6753333333333333,1.0,0.38,0.7136666666666667,1
Estudiante 452,1.9042857142857144,7,7,0.0,12.571428571428571,0.8095714285714286,1.0,0.8742857142857143,0.8796428571428572,1
Estudiante 453,6.755,6,3,0.0,96.16666666666667,0.3245,0.5,0.03833333333333333,0.3199166666666667,1
Estudiante 454,0.7833333333333333,3,3,0.0,0.0,0.9216666666666666,1.0,1.0,0.9608333333333332,1
Estudiante 455,2.728,5,4,0.0,29.8,0.7272,0.8,0.702,0.7439999999999999,1
Estudiante 456,8.76,1,0,0.0,100.0,0.124,0.0,0.0,0.062,1
Estudiante 457,9.4,1,0,0.0,100.0,0.05999999999999994,0.0,0.0,0.02999999999999997,1
Estudiante 458,8.76,1,0,0.0,96.0,0.124,0.0,0.040000000000000036,0.07,1
Estudiante 459,9.13,1,0,0.0,100.0,0.08699999999999997,0.0,0.0,0.04349999999999998,1
Estudiante 46,6.783333333333334,12,3,0.0,86.16666666666667,0.32166666666666655,0.25,0.1383333333333333,0.26349999999999996,1
Estudiante 460,6.43,1,1,0.0,96.0,0.357,1.0,0.040000000000000036,0.4865,1
Estudiante 461,7.93,1,0,0.0,96.0,0.20700000000000007,0.0,0.040000000000000036,0.11150000000000004,1
Estudiante 462,9.44,1,0,0.0,100.0,0.05600000000000005,0.0,0.0,0.028000000000000025,1
Estudiante 463,8.5,1,0,0.0,100.0,0.15000000000000002,0.0,0.0,0.07500000000000001,1
Estudiante 464,7.61,1,0,0.0,93.0,0.239,0.0,0.06999999999999995,0.13349999999999998,1
Estudiante 465,2.74,1,1,0.0,0.0,0.726,1.0,1.0,0.863,1
Estudiante 466,8.87,1,0,0.0,96.0,0.1130000000000001,0.0,0.040000000000000036,0.06450000000000006,1
Estudiante 467,8.16,1,0,0.0,100.0,0.18399999999999994,0.0,0.0,0.09199999999999997,1
Estudiante 468,8.77,1,0,0.0,100.0,0.123,0.0,0.0,0.0615,1
Estudiante 469,7.54,1,0,0.0,76.0,0.246,0.0,0.24,0.17099999999999999,1
Estudiante 47,8.513571428571428,14,0,0.0,99.78571428571429,0.1486428571428572,0.0,0.002142857142857113,0.07475000000000001,1
Estudiante 470,7.64,1,0,0.0,94.0,0.236,0.0,0.06000000000000005,0.13,1
Estudiante 471,6.33,1,1,0.0,94.0,0.367,1.0,0.06000000000000005,0.4955,1
Estudiante 472,8.74,1,0,0.0,84.0,0.126,0.0,0.16000000000000003,0.095,1
Estudiante 473,7.79,1,0,0.0,75.0,0.22099999999999997,0.0,0.25,0.16049999999999998,1
Estudiante 474,8.57,1,0,0.0,84.0,0.14300000000000002,0.0,0.16000000000000003,0.10350000000000001,1
Estudiante 475,6.07,1,1,0.0,100.0,0.393,1.0,0.0,0.4965,1
Estudiante 476,9.04,1,0,0.0,100.0,0.09600000000000009,0.0,0.0,0.04800000000000004,1
Estudiante 477,9.28,1,0,0.0,100.0,0.07200000000000006,0.0,0.0,0.03600000000000003,1
Estudiante 478,8.37,1,0,0.0,82.0,0.16300000000000003,0.0,0.18000000000000005,0.11750000000000002,1
Estudiante 479,7.58,1,0,0.0,75.0,0.242,0.0,0.25,0.17099999999999999,1
Estudiante 48,0.0,6,6,0.0,0.0,1.0,1.0,1.0,1.0,1
Estudiante 480,7.35,1,0,0.0,90.0,0.265,0.0,0.09999999999999998,0.1525,1
Estudiante 481,7.78,1,0,0.0,94.0,0.22199999999999998,0.0,0.06000000000000005,0.123,1
Estudiante 482,8.57,1,0,0.0,88.0,0.14300000000000002,0.0,0.12,0.0955,1
Estudiante 483,6.93,1,1,0.0,81.0,0.30700000000000005,1.0,0.18999999999999995,0.4915,1
Estudiante 484,8.27,1,0,0.0,84.0,0.17300000000000004,0.0,0.16000000000000003,0.11850000000000002,1
Estudiante 485,8.82,1,0,0.0,94.0,0.118,0.0,0.06000000000000005,0.07100000000000001,1
Estudiante 486,8.57,1,0,0.0,88.0,0.14300000000000002,0.0,0.12,0.0955,1
Estudiante 487,8.61,1,0,0.0,94.0,0.139,0.0,0.06000000000000005,0.08150000000000002,1
Estudiante 488,9.63,1,0,0.0,96.0,0.03699999999999992,0.0,0.040000000000000036,0.026499999999999968,1
Estudiante 49,9.207647058823529,17,0,0.0,81.70588235294117,0.07923529411764707,0.0,0.18294117647058827,0.07620588235294119,0
Estudiante 5,7.287000000000001,10,3,3.0,97.5,0.2712999999999999,0.3,0.025000000000000022,0.23064999999999994,1
Estudiante 50,8.545,14,1,1.0,91.78571428571429,0.14549999999999996,0.07142857142857142,0.08214285714285707,0.11060714285714282,1
Estudiante 51,8.567333333333332,15,0,0.0,92.6,0.14326666666666676,0.0,0.07400000000000007,0.08643333333333339,1
Estudiante 52,4.42076923076923,13,9,6.0,53.92307692307692,0.557923076923077,0.6923076923076923,0.4607692307692308,0.5788076923076924,1
Estudiante 53,7.930000000000001,15,1,0.0,86.73333333333333,0.20699999999999996,0.06666666666666667,0.1326666666666667,0.15003333333333332,0
Estudiante 54,2.05,7,7,0.0,66.0,0.795,1.0,0.33999999999999997,0.7655,1
Estudiante 55,8.83,14,1,1.0,89.21428571428571,0.11699999999999999,0.07142857142857142,0.10785714285714287,0.10149999999999999,1
Estudiante 56,8.187692307692307,13,1,1.0,99.07692307692308,0.1812307692307693,0.07692307692307693,0.009230769230769154,0.11553846153846156,1
Estudiante 57,5.576250000000001,24,10,9.0,67.75,0.44237499999999996,0.4166666666666667,0.3225,0.4106875,1
Estudiante 58,8.739411764705881,17,0,0.0,81.47058823529412,0.1260588235294119,0.0,0.18529411764705883,0.10008823529411771,0
Estudiante 59,8.1775,12,1,0.0,94.25,0.18225000000000002,0.08333333333333333,0.057499999999999996,0.12762500000000002,1
Estudiante 6,9.3,16,0,0.0,86.5625,0.06999999999999995,0.0,0.13437500000000002,0.061874999999999986,0
Estudiante 60,6.2844,25,10,9.0,70.56,0.37156,0.4,0.2944,0.36466,0
Estudiante 61,7.954285714285715,7,1,0.0,94.57142857142857,0.20457142857142852,0.14285714285714285,0.05428571428571427,0.15599999999999994,1
Estudiante 62,0.6671428571428571,7,7,0.0,0.0,0.9332857142857143,1.0,1.0,0.9666428571428571,1
Estudiante 63,1.747142857142857,7,7,0.0,30.571428571428573,0.8252857142857143,1.0,0.6942857142857143,0.8515,1
Estudiante 64,8.726875,16,1,0.0,83.0625,0.12731250000000005,0.0625,0.16937500000000005,0.11628125000000003,0
Estudiante 65,8.726428571428572,14,0,0.0,98.78571428571429,0.12735714285714272,0.0,0.012142857142857122,0.06610714285714278,1
Estudiante 66,8.632142857142856,14,0,0.0,98.5,0.1367857142857144,0.0,0.015000000000000013,0.0713928571428572,1
Estudiante 67,4.465,10,8,3.0,75.3,0.5535,0.8,0.247,0.56615,1
Estudiante 68,8.652,15,1,1.0,85.66666666666667,0.13480000000000003,0.06666666666666667,0.1433333333333333,0.11606666666666668,0
Estudiante 69,5.8374999999999995,12,7,5.0,90.41666666666667,0.41625,0.5833333333333334,0.09583333333333333,0.4022916666666667,1
Estudiante 7,7.765,14,2,2.0,75.85714285714286,0.22350000000000003,0.14285714285714285,0.24142857142857144,0.20289285714285715,0
Estudiante 70,7.698571428571428,7,2,0.0,96.14285714285714,0.2301428571428572,0.2857142857142857,0.03857142857142859,0.20850000000000002,1
Estudiante 71,9.136470588235294,17,0,0.0,81.70588235294117,0.08635294117647052,0.0,0.18294117647058827,0.07976470588235292,0
Estudiante 72,8.968571428571428,14,0,0.0,98.28571428571429,0.1031428571428572,0.0,0.017142857142857126,0.05500000000000003,1
Estudiante 73,9.146428571428572,14,0,0.0,99.07142857142857,0.0853571428571428,0.0,0.009285714285714342,0.04453571428571427,1
Estudiante 74,8.494375,16,0,0.0,86.3125,0.15056250000000004,0.0,0.13687499999999997,0.10265625000000002,0
Estudiante 75,8.215333333333332,15,0,0.0,90.6,0.17846666666666677,0.0,0.09400000000000008,0.1080333333333334,0
Estudiante 76,5.31923076923077,13,6,1.0,73.23076923076923,0.46807692307692306,0.46153846153846156,0.2676923076923078,0.4260384615384616,1
Estudiante 77,0.0,7,7,0.0,0.0,1.0,1.0,1.0,1.0,1
Estudiante 78,0.4785714285714286,7,7,0.0,14.285714285714286,0.9521428571428572,1.0,0.8571428571428571,0.9475,1
Estudiante 79,0.0,5,5,0.0,0.0,1.0,1.0,1.0,1.0,1
Estudiante 8,8.580588235294117,17,0,0.0,81.70588235294117,0.14194117647058824,0.0,0.18294117647058827,0.10755882352941178,0
Estudiante 80,8.50125,16,1,1.0,89.25,0.14987499999999998,0.0625,0.10750000000000004,0.1151875,1
Estudiante 81,7.484782608695652,23,4,3.0,86.26086956521739,0.25152173913043474,0.17391304347826086,0.1373913043478261,0.20541304347826086,1
Estudiante 82,7.6525,12,4,2.0,90.0,0.23475000000000001,0.3333333333333333,0.09999999999999998,0.23737499999999997,1
Estudiante 83,5.416363636363636,22,9,4.0,71.68181818181819,0.4583636363636364,0.4090909090909091,0.2831818181818181,0.40854545454545454,1
Estudiante 84,8.129199999999999,25,2,2.0,81.72,0.18708000000000014,0.08,0.18279999999999996,0.15410000000000007,1
Estudiante 85,7.930000000000001,22,1,1.0,84.72727272727273,0.20699999999999996,0.045454545454545456,0.1527272727272727,0.14768181818181816,1
Estudiante 86,4.925,10,4,1.0,58.3,0.5075000000000001,0.4,0.41700000000000004,0.45715000000000006,1
Estudiante 87,7.8,1,0,0.0,97.0,0.21999999999999997,0.0,0.030000000000000027,0.11599999999999999,1
Estudiante 88,6.598571428571428,14,8,7.0,85.14285714285714,0.3401428571428572,0.5714285714285714,0.14857142857142858,0.3712142857142857,1
Estudiante 89,8.99,1,0,0.0,94.0,0.10099999999999998,0.0,0.06000000000000005,0.0625,1
Estudiante 9,0.0,7,7,0.0,0.0,1.0,1.0,1.0,1.0,1
Estudiante 90,0.0,1,1,0.0,0.0,1.0,1.0,1.0,1.0,1
Estudiante 91,0.0,2,2,1.0,0.0,1.0,1.0,1.0,1.0,1
Estudiante 92,4.72,1,1,0.0,90.0,0.528,1.0,0.09999999999999998,0.5840000000000001,1
Estudiante 93,0.0,1,1,0.0,0.0,1.0,1.0,1.0,1.0,1
Estudiante 94,3.79,1,1,0.0,50.0,0.621,1.0,0.5,0.7105,1
Estudiante 95,0.0,1,1,1.0,0.0,1.0,1.0,1.0,1.0,1
Estudiante 96,7.0,1,0,0.0,100.0,0.30000000000000004,0.0,0.0,0.15000000000000002,1
Estudiante 97,0.0,1,1,0.0,0.0,1.0,1.0,1.0,1.0,1
Estudiante 98,0.0,1,1,1.0,0.0,1.0,1.0,1.0,1.0,1
Estudiante 99,9.5,1,0,0.0,100.0,0.050000000000000044,0.0,0.0,0.025000000000000022,1
